transaction_id,account_id,transaction_date,transaction_time,transaction_type,amount,description
1,373,2024-11-26,17:53:16,Deposit,8056.18,"Friend really success though find center compare."
2,1658,2024-08-28,11:31:07,Transfer,2862.50,"Beat decision sound."
3,2195,2021-07-27,03:10:47,Withdrawal,2560.44,"Station fine evidence teach several community."
5,1554,2021-04-30,11:32:24,Deposit,9079.47,"Natural away explain section room red professor lead."
6,1103,2024-09-13,23:18:39,Withdrawal,4567.30,"Determine computer anything operation military represent defense chair."
7,946,2022-05-29,19:58:32,Withdrawal,8210.44,"Full goal design level place tree work."
8,363,2024-02-18,19:50:47,Transfer,1104.26,"Their response its with."
9,1195,2023-06-28,04:44:18,Transfer,8465.24,"Law sound yard feel."
10,1791,2023-10-06,09:50:51,Withdrawal,445.68,"Write generation PM never majority play policy Republican."
11,2168,2024-10-19,22:46:37,Deposit,3936.45,"Us turn protect put then find ten."
12,524,2025-04-12,12:20:35,Deposit,7856.38,"Impact level boy again finish."
13,1142,2023-02-26,08:47:12,Transfer,2697.47,"Between respond way good."
14,1840,2021-04-13,22:12:56,Deposit,5046.66,"Us southern personal but miss somebody paper."
15,2352,2023-09-14,21:29:48,Transfer,4108.08,"Head month agree maintain."
16,768,2024-09-26,23:52:30,Deposit,7147.01,
17,271,2021-07-13,07:14:22,Deposit,2001.03,"Tough statement role think medical politics green."
18,608,2023-11-30,13:22:25,Deposit,3599.20,"Control hospital hear then attorney."
19,853,2021-04-12,00:30:11,Deposit,29.76,"Should loss particular gas east shake take then."
20,2247,2021-07-11,15:21:50,Transfer,3775.26,"Painting those report base."
21,1652,2020-06-20,16:28:12,Withdrawal,2400.33,"Program community relationship allow."
22,20,2024-06-28,17:03:56,Deposit,5166.42,"Call wear half story build."
23,2328,2021-12-31,13:13:02,Deposit,1221.97,"Southern dark federal."
24,11,2025-04-03,23:55:50,Deposit,5800.65,"Foot require western daughter."
25,379,2021-02-25,07:29:32,Withdrawal,5681.50,"Simple bad arm pressure."
26,624,2023-10-27,22:28:34,Deposit,1397.25,"So modern hit thousand."
27,1871,2024-04-30,16:08:38,Transfer,8318.38,"Not manager vote decide."
28,2365,2020-08-18,14:30:13,Transfer,4603.71,"Feeling far people body blood win."
29,184,2021-09-21,07:03:56,Withdrawal,98.97,"Top about us oil cover."
30,1380,2021-05-04,21:25:50,Withdrawal,5437.83,"Prepare soon usually everything according together."
31,337,2023-12-18,00:18:03,Transfer,4258.32,"Body news race reality picture establish important."
32,1592,2021-05-26,21:11:44,Deposit,415.90,"Fast four very doctor."
33,2445,2022-11-08,03:27:22,Transfer,5155.35,"Single store sit."
34,1021,2024-03-17,17:38:30,Withdrawal,1196.22,"Sure role get yeah everybody movie approach."
35,1001,2021-08-01,23:32:42,Withdrawal,833.99,"Rest woman rather can network approach."
36,349,2024-02-24,05:47:13,Withdrawal,933.74,"From large court risk."
37,1513,2022-11-15,00:19:38,Transfer,2598.79,"Go voice Republican open if."
38,2349,2024-08-13,06:15:56,Withdrawal,1509.31,"Assume strong surface whom."
39,1065,2022-02-04,19:22:38,Transfer,130.26,"Decade everybody customer risk bill raise."
40,1327,2024-11-14,19:14:43,Deposit,2784.56,"Forward themselves young young."
41,1829,2022-01-13,21:38:25,Withdrawal,3756.87,"Least draw decision election table."
42,2447,2021-07-12,05:52:16,Withdrawal,2841.00,"Information peace meeting while practice vote create."
43,1120,2021-10-31,21:24:37,Withdrawal,4325.10,"From contain wind language land."
44,220,2023-10-28,18:09:41,Deposit,595.02,"Account discover effort them detail live act month."
45,66,2024-08-30,17:40:40,Deposit,7066.34,"Rock cell consumer bar radio phone civil."
46,376,2020-11-04,20:56:48,Transfer,5074.89,"Activity change product example whole."
47,912,2020-11-10,08:45:33,Transfer,4472.92,"Question nation political need health."
48,1184,2022-04-01,19:27:53,Deposit,1501.43,"Soldier by finish."
49,577,2023-12-17,08:02:58,Deposit,5313.48,"Cup help not policy country the meet."
50,287,2023-01-18,00:49:03,Withdrawal,2628.18,"Paper look reason fly."
51,557,2021-06-06,11:36:57,Withdrawal,2281.74,"Family firm fly recent others."
52,790,2024-09-11,01:19:34,Withdrawal,3122.61,"Man firm find thousand must."
53,911,2021-03-19,01:00:31,Withdrawal,9957.50,"Moment hour huge industry director spend continue."
54,1207,2024-10-25,03:27:46,Deposit,1603.11,"Owner best employee."
55,2294,2021-06-01,03:05:59,Deposit,5521.09,"Common paper less accept green worry project."
56,2249,2021-06-05,03:57:30,Deposit,6869.32,"This want investment poor would."
57,724,2023-11-01,23:23:49,Transfer,9745.78,"With up interest range."
58,74,2022-10-14,11:52:40,Withdrawal,6658.93,"Leader sound give."
59,469,2022-03-01,02:59:22,Deposit,617.71,"End hand clearly north determine."
61,221,2023-01-03,22:08:05,Deposit,1286.59,"Already nothing language wonder standard prove."
62,588,2024-02-21,17:58:14,Withdrawal,875.79,"Event trip raise discover."
63,720,2022-12-31,15:00:23,Deposit,9836.26,"Fine magazine oil his."
64,1750,2022-03-14,11:18:01,Deposit,3514.97,"Change public summer beyond experience other understand western."
65,1084,2023-05-05,18:23:41,Transfer,7156.15,"Party mind different set."
66,1759,2021-02-21,05:20:47,Withdrawal,7516.79,"Read method language enough step single."
67,1060,2024-04-08,09:03:39,Withdrawal,3824.54,"Street true current about as beautiful."
68,1252,2021-04-14,14:04:16,Transfer,1785.27,"Education student production world hour owner walk protect."
69,1802,2024-09-30,01:58:56,Withdrawal,9875.88,"Rather require garden result new left weight."
70,1229,2020-08-21,17:16:32,Withdrawal,8253.92,"Back ask south seven on."
71,361,2025-01-01,08:22:11,Withdrawal,2373.61,"Prevent building business loss collection bag."
72,840,2021-07-29,22:56:35,Transfer,3098.19,"Financial father bank cold coach quickly."
73,1063,2024-09-21,19:41:00,Deposit,3503.73,"Power air boy sea generation."
74,341,2022-10-22,01:57:53,Withdrawal,9991.74,"News wonder already find."
75,669,2025-05-31,21:34:01,Withdrawal,7571.05,"I street building television character."
76,517,2023-07-06,06:39:11,Withdrawal,6685.10,"Offer someone policy too hundred the beyond."
77,1856,2023-04-23,01:14:39,Deposit,5098.79,"Author network join subject environmental put can."
78,1587,2025-05-18,20:22:22,Withdrawal,9319.50,"Out win focus provide store hold change."
79,626,2024-12-14,17:10:33,Deposit,2767.86,"System notice may space me."
80,1811,2024-08-02,09:19:14,Withdrawal,8524.49,"Production Mrs son executive share million usually away."
81,1105,2021-12-14,07:32:50,Transfer,2941.58,"Down notice alone own."
82,330,2022-03-13,10:06:00,Transfer,1604.84,"Amount hot less difficult cause establish white."
83,851,2022-03-30,13:36:34,Withdrawal,160.30,"Book suffer worry somebody."
84,446,2024-12-31,00:37:23,Transfer,3040.05,"Religious light time it."
85,1235,2024-10-08,02:19:20,Deposit,1264.29,"Run trouble mean white school apply issue."
86,1114,2023-12-18,10:29:35,Deposit,3082.92,"Heart particular method worker social."
87,1718,2023-06-17,12:25:49,Transfer,7541.46,"Business south me."
88,453,2025-03-03,20:28:30,Deposit,877.94,"Lawyer size money four safe film."
89,1773,2024-04-16,10:50:51,Withdrawal,6049.97,"Sometimes party among political usually themselves."
90,671,2025-04-24,00:46:49,Withdrawal,2575.21,"Call rule easy my up."
91,71,2023-11-02,17:19:16,Withdrawal,6602.65,"He just politics yes worker test style science."
92,1160,2023-10-20,23:20:42,Transfer,8185.42,"Last modern purpose laugh level."
93,415,2025-02-19,23:32:37,Transfer,7105.47,"Mrs name lay what situation real."
94,802,2020-10-17,00:49:53,Transfer,5508.81,"Full force fish hope real see."
95,1899,2022-03-30,00:54:25,Deposit,35.19,"Wish necessary sense decade people."
96,957,2021-08-27,06:03:50,Withdrawal,2261.22,"Technology town whose consumer arm."
97,1178,2024-08-23,14:00:10,Transfer,8745.57,"Near control air poor land visit say."
98,733,2024-09-12,04:56:26,Transfer,657.08,"Trip begin discussion."
99,2404,2023-04-24,05:51:53,Withdrawal,5373.04,"Street notice use design management likely say."
100,1660,2020-07-08,11:18:31,Withdrawal,8663.05,"Outside operation quite candidate."
101,403,2021-10-10,22:58:07,Deposit,9929.70,"Doctor know season fly."
102,660,2024-06-29,12:01:55,Withdrawal,3116.91,"Product threat any."
103,1143,2024-06-24,07:12:08,Deposit,8023.45,"Own bad why word page."
104,121,2025-01-15,22:22:55,Deposit,7085.25,"Their in institution fine dream."
105,2163,2021-09-19,16:28:07,Withdrawal,51.87,"Night because nature reach research design."
106,2035,2022-08-01,15:29:13,Deposit,1013.80,"Store truth see section street."
107,2070,2022-02-24,19:53:39,Withdrawal,538.19,"Audience rest artist material increase paper."
108,669,2023-07-25,05:18:46,Deposit,9995.03,"Town result movie measure."
109,2436,2021-02-04,11:24:28,Withdrawal,5512.08,"Record participant eye together sometimes throw."
110,2476,2025-05-19,00:00:10,Deposit,811.02,"Us as per sea."
111,133,2025-05-22,07:23:10,Deposit,2106.47,"Research mission ok popular chair ask."
112,1945,2020-10-15,15:45:53,Deposit,2414.61,"Out military avoid according citizen challenge something."
113,2034,2024-09-10,12:08:54,Transfer,998.03,"Million song before three finally buy."
114,2273,2024-10-15,23:12:51,Withdrawal,465.42,"Film vote economy fund magazine."
115,1590,2021-08-21,06:21:19,Deposit,7607.99,"Serve begin many former enjoy see analysis Democrat."
116,209,2021-07-27,20:57:12,Transfer,5078.19,"Bank owner hear tree others."
117,1167,2021-04-04,11:48:00,Transfer,4671.93,"Political school know official special."
118,1494,2022-07-02,17:41:09,Deposit,6290.58,"Agreement section check sure."
119,1793,2021-09-08,11:42:31,Withdrawal,2242.33,"Focus rather data."
120,489,2020-12-07,01:44:06,Deposit,4730.76,"Interest night example at."
121,2165,2025-02-14,19:29:52,Transfer,8673.61,"Skin street TV particularly beautiful light into."
122,15,2024-12-29,15:33:18,Withdrawal,1384.64,"None indicate rich after."
123,231,2021-11-27,12:42:25,Transfer,2274.71,"Manage soldier national because we read three as."
124,1702,2020-09-15,07:47:14,Deposit,4273.25,"General or condition another."
125,2098,2023-05-23,23:43:26,Deposit,7794.18,"Long newspaper suddenly foot."
126,634,2021-06-21,05:49:52,Deposit,8938.64,"Throughout story message world."
127,2409,2023-02-05,21:41:34,Transfer,9878.56,"Walk station ever nor health amount."
129,929,2024-07-15,14:44:40,Deposit,4479.61,"Threat stock next."
130,435,2024-03-18,13:27:18,Deposit,1828.79,"Hit claim the mission."
131,62,2022-08-16,04:37:59,Transfer,7230.72,"Do quickly focus present."
132,1442,2021-12-12,05:16:34,Withdrawal,8672.64,"Arrive lose live agreement."
134,1201,2021-02-28,08:30:53,Deposit,7986.04,"List apply meet teach staff cut."
135,1619,2024-10-10,23:11:29,Deposit,1631.07,"Enough herself find."
136,1601,2023-05-14,14:36:42,Transfer,390.13,"Speak fight travel resource possible."
137,2468,2024-09-26,03:53:56,Transfer,7636.55,"Subject station professor laugh."
138,1868,2022-11-23,22:42:38,Withdrawal,3990.12,"Phone rich cultural discover evening administration."
139,1594,2020-11-01,20:02:22,Withdrawal,6825.58,"Natural ball brother production world door."
140,1790,2020-06-26,01:28:09,Transfer,6904.03,"Own guess study professional."
141,1494,2022-10-22,15:18:46,Transfer,7488.19,"Whole pressure she similar."
142,582,2024-03-25,08:47:51,Deposit,3225.32,"Degree computer writer past daughter."
143,1666,2024-12-20,11:50:38,Withdrawal,8236.28,"From simply game price talk through."
144,19,2020-07-17,17:21:17,Withdrawal,9278.16,"Adult couple religious sense well purpose office."
145,1491,2021-10-05,14:15:28,Deposit,9792.46,"Hard defense contain sing evidence foot national raise."
146,2141,2021-04-21,08:16:26,Withdrawal,8928.95,"Box cold boy enter rock operation."
147,868,2024-10-07,17:25:16,Transfer,7483.10,"Adult last know away reach."
148,2205,2024-01-16,08:37:10,Deposit,5783.09,"Beyond all rise run."
149,1200,2021-05-24,04:43:11,Transfer,668.92,"Finally parent north data believe."
150,1235,2023-07-08,17:12:48,Deposit,7388.52,"Sure skill tell fly big."
151,306,2023-03-31,19:12:06,Deposit,3170.76,"Heart somebody very citizen yourself today political."
152,604,2020-11-10,21:19:46,Deposit,3689.33,"Fine culture stuff free."
153,1951,2025-01-18,16:09:14,Transfer,3653.64,"Direction although and certainly list second actually."
154,2254,2024-12-21,18:38:32,Withdrawal,6985.88,"Head population work might end carry director."
155,1004,2021-02-23,20:11:12,Deposit,6680.79,"View also street source financial book feeling."
156,1352,2021-08-24,20:50:41,Deposit,3105.48,"Father hold discussion through everything experience life."
157,13,2022-01-18,17:25:15,Withdrawal,180.59,"Indicate skill spend surface pay teach character generation."
158,1132,2021-02-22,07:03:25,Withdrawal,4211.91,"Scientist let so spend test country."
159,637,2022-06-04,02:14:32,Withdrawal,5060.59,"Despite perhaps new gun note."
160,1739,2024-10-23,04:29:22,Deposit,3207.37,"Might fall determine pull trade deal."
161,1381,2022-09-12,06:55:47,Withdrawal,7447.16,"Central again woman."
162,456,2020-11-21,03:30:35,Deposit,5464.63,"Social someone develop before."
163,1840,2021-06-12,04:12:52,Withdrawal,3301.86,"Actually general window life society."
164,960,2021-11-21,23:12:28,Transfer,3727.44,"Town education figure save explain voice."
165,2076,2023-04-19,23:27:30,Deposit,3420.25,"Unit use plant long from."
166,1542,2023-06-23,07:01:22,Transfer,465.69,"Challenge director certainly play next under bag."
167,2452,2024-05-07,23:41:15,Withdrawal,1616.15,"Ok force middle task."
168,78,2020-09-14,11:49:28,Deposit,2963.40,"Social stand travel business herself."
169,1515,2023-06-05,23:07:16,Withdrawal,4234.29,"Central figure spring stage Democrat."
170,579,2025-01-29,07:58:17,Deposit,3587.45,"Apply whatever coach moment."
171,112,2021-10-11,11:44:19,Withdrawal,2043.71,"Loss fine end theory."
172,1900,2021-08-27,18:42:25,Deposit,3622.92,"Agreement here garden food Congress."
173,1969,2023-07-31,15:39:49,Transfer,9949.13,"Close return easy."
174,1971,2020-09-15,15:32:50,Transfer,7229.37,"Mean positive result role."
175,1994,2023-03-26,22:39:52,Withdrawal,3075.89,"Education process miss compare."
176,66,2022-05-18,03:57:51,Deposit,8887.79,"Tough animal of prevent market."
177,299,2021-03-27,08:00:22,Withdrawal,5037.52,"Reveal step certain service."
178,1881,2023-12-01,23:28:32,Transfer,1818.87,"Reveal wide believe describe."
179,2305,2022-09-04,11:04:52,Deposit,3329.98,"Someone easy arrive television focus."
180,1616,2023-05-31,20:40:47,Transfer,5285.49,"Course piece build enter take position."
181,1847,2024-05-26,12:05:27,Deposit,5554.46,"Yes argue late edge."
182,188,2021-08-10,16:31:41,Withdrawal,4172.03,"People investment guess mouth hand."
183,43,2021-05-09,18:08:15,Withdrawal,6530.50,"Blood a serious turn should."
184,848,2024-04-08,07:33:12,Deposit,4787.57,"Price every in task ok send."
185,846,2021-09-26,01:12:11,Withdrawal,2090.38,"Maintain that work."
186,1643,2024-07-01,18:12:33,Withdrawal,4181.51,"Indeed suggest cut sense discover."
187,2473,2021-05-31,20:47:17,Deposit,2186.70,"Factor during material power."
188,2065,2020-12-14,22:16:15,Withdrawal,6077.74,"Most south either sign those type."
189,124,2023-10-19,10:35:44,Withdrawal,5174.95,"Dream anyone idea read."
190,1612,2024-09-08,01:43:35,Transfer,6797.44,"Enough fact customer hour direction watch between."
191,1371,2020-08-06,03:34:50,Withdrawal,7776.43,"Fear cold strategy option source."
192,1421,2020-06-28,05:56:29,Deposit,6876.17,"Share rather data travel party."
193,2474,2023-10-15,05:50:40,Deposit,4747.91,"Source outside cultural despite represent term test."
194,344,2021-11-07,19:37:11,Withdrawal,5965.85,"Score fact relate indicate."
195,1055,2023-12-24,03:51:19,Deposit,3149.56,"Western Mrs still through."
196,1318,2023-12-11,21:54:43,Withdrawal,4507.82,"Article decade assume begin hold despite society."
197,2049,2021-06-25,11:30:20,Transfer,8819.54,"Power trial write operation specific fear main."
198,1389,2021-12-22,12:31:37,Withdrawal,2554.36,"Game through window kind skill."
199,316,2024-05-04,11:09:24,Transfer,7047.59,"Receive case human society."
200,2159,2022-10-13,17:46:45,Withdrawal,1480.15,"Important town send determine although letter most."
201,861,2021-12-06,18:12:16,Withdrawal,7498.30,"Policy statement new themselves listen."
202,845,2024-08-19,03:16:18,Deposit,605.77,"Professor half industry performance avoid."
203,604,2024-09-28,00:40:29,Withdrawal,1041.84,"Today billion himself him whose of local."
204,1904,2022-05-01,09:25:58,Withdrawal,6515.98,"Up government rate speech."
205,2486,2024-05-23,06:04:18,Deposit,9687.43,"Feel tonight model south ability."
206,674,2022-12-17,18:44:26,Deposit,7796.58,"Put lead program that clear doctor positive simply."
207,2225,2021-04-21,21:51:48,Withdrawal,1149.06,"Ten traditional reduce participant American know."
208,2263,2021-08-03,04:57:49,Withdrawal,5775.47,"Music think discussion southern interview season."
209,1536,2024-04-24,22:27:46,Deposit,9400.57,"Perhaps history tell campaign draw."
210,2370,2020-07-22,00:43:15,Deposit,2081.23,"Guess action across next box cultural member."
212,1693,2025-02-01,05:25:04,Transfer,7949.19,"Above worry politics others."
213,1091,2024-09-08,03:54:59,Deposit,6789.30,"Prevent risk Mr I true company increase attention."
214,318,2024-02-01,11:38:36,Deposit,4228.81,"Thought need about."
215,293,2025-03-25,11:57:28,Withdrawal,4650.89,"Color who quickly family."
216,80,2023-10-05,08:39:34,Deposit,8064.17,"Win including begin recognize."
217,795,2023-07-08,17:49:16,Withdrawal,8872.07,"Huge year support great marriage appear."
218,1403,2022-04-26,09:02:35,Transfer,117.70,"Cut senior compare worry purpose miss agent."
219,2390,2025-05-17,11:09:39,Deposit,2094.70,"Cost house out lawyer."
220,1880,2022-08-17,18:56:42,Deposit,2545.51,"Half know think cold decide fire need."
221,2366,2022-09-08,01:10:38,Deposit,8529.59,"Ago speech focus life answer per item."
222,1805,2023-10-06,13:12:34,Deposit,5636.38,"Southern onto include response state total."
223,1775,2021-05-27,21:53:51,Deposit,9159.64,
224,911,2021-02-13,20:01:08,Transfer,334.79,"Important analysis discussion resource risk animal."
225,1332,2021-02-18,14:36:40,Withdrawal,618.05,"Likely I walk another condition add possible."
226,2253,2022-08-02,11:43:22,Withdrawal,1096.17,"Final candidate memory carry gas Congress."
227,2477,2020-09-16,06:29:49,Deposit,1280.93,"Big yeah will pressure husband."
228,2021,2021-05-20,07:24:07,Deposit,5413.77,"College election spend."
229,2346,2020-09-06,23:16:46,Deposit,8224.24,"Black this notice idea end."
230,196,2021-10-24,20:31:12,Withdrawal,9749.65,"Best simply floor respond night instead."
231,1759,2023-03-19,03:31:08,Deposit,1263.13,"Pressure computer challenge until speak have win check."
232,1720,2022-02-02,02:47:29,Withdrawal,3957.38,"Expert cultural act big."
233,704,2022-06-21,12:34:47,Withdrawal,8631.50,"Member water wait officer."
234,1245,2022-12-05,09:39:12,Withdrawal,9772.53,"Outside on your."
235,1085,2023-12-26,16:13:53,Transfer,7491.70,"Rock natural necessary campaign small line art."
236,96,2023-01-15,13:16:49,Withdrawal,7230.63,"Manager prevent difference instead."
237,2237,2024-01-25,05:39:13,Withdrawal,3020.51,
238,2029,2020-12-01,02:15:32,Withdrawal,7537.84,"Tonight level fire up country beyond popular."
239,89,2024-05-18,22:57:27,Deposit,455.50,"Pay also course provide sea four rest."
240,424,2024-10-09,18:30:37,Transfer,9598.71,"Future room edge Congress student later weight discover."
241,2438,2024-05-24,22:41:44,Deposit,1667.38,"Data wall about air toward eight west."
242,1522,2022-02-08,18:28:04,Withdrawal,8822.35,"Rock population particular fine feeling size."
243,134,2022-09-15,03:19:43,Withdrawal,2597.89,"Wall sport use almost."
244,142,2025-02-24,11:26:39,Transfer,2259.45,"National company traditional couple development no."
245,1428,2024-11-30,11:15:49,Deposit,2480.19,"Director teacher today as expect population however fire."
246,688,2024-08-05,15:02:16,Deposit,3581.63,"Reduce be physical board."
247,1533,2024-01-12,09:27:05,Transfer,8055.55,"Upon ten concern difficult break ok occur."
248,244,2021-10-07,14:29:04,Deposit,6185.74,"Special record wrong leg any foreign Republican."
249,1383,2020-10-11,13:15:27,Withdrawal,3292.32,"Travel minute even task choose decision."
250,137,2020-12-07,13:13:01,Deposit,8554.61,"Student make form bring writer consider create."
251,2271,2020-07-04,02:47:27,Transfer,2855.52,"Sound street up treat."
252,794,2025-02-24,11:02:52,Deposit,1935.55,"Car party dark opportunity certain share deal let."
253,1009,2022-08-12,20:10:04,Withdrawal,9192.17,"Small among possible method will many."
254,542,2023-01-01,07:51:51,Deposit,8120.34,"Improve mean could."
255,2312,2022-10-17,22:16:23,Transfer,7406.79,"Catch hard bring kid."
256,945,2021-09-13,11:00:34,Deposit,1271.99,"Four himself person drop here themselves."
257,1104,2021-10-09,15:42:33,Withdrawal,913.75,"Interesting wide response movement kid information these."
259,1609,2023-06-05,14:53:11,Withdrawal,9077.66,"Third black recent others."
260,549,2023-04-11,11:13:37,Deposit,1187.86,"Huge body him hospital."
261,2034,2025-03-02,21:15:02,Withdrawal,1988.90,"Party senior decision authority young stop."
262,1266,2021-09-17,17:09:30,Transfer,3723.24,"Range mind across collection defense picture foot."
264,1099,2022-09-06,00:42:58,Transfer,938.14,"Those over talk wear want similar teacher."
265,1836,2023-10-02,06:28:26,Withdrawal,6225.12,"Fill often nature."
266,2401,2024-11-03,19:52:55,Deposit,1816.31,"Whether official eye policy name three should."
267,939,2020-06-20,20:39:26,Deposit,4821.36,"Certainly hold series."
268,1642,2020-10-03,09:36:41,Deposit,9442.10,"Other any quickly car wish money."
269,1123,2020-08-13,00:18:46,Withdrawal,3191.83,"Somebody market material."
270,2084,2020-11-22,08:39:05,Transfer,9178.92,"These form after wide determine dark hold."
271,422,2024-05-31,09:47:20,Deposit,7015.18,"Generation nor official government."
272,1744,2025-01-22,22:33:29,Deposit,4491.20,"Relate certain study large."
273,109,2021-05-05,09:06:23,Deposit,5715.11,"Century detail eat reflect mind."
274,2184,2025-03-24,21:57:47,Withdrawal,3160.90,"Side sister ready fight bad."
275,251,2021-12-05,02:41:54,Deposit,1670.49,"Concern best public born season."
276,1450,2023-03-27,10:45:10,Transfer,2310.41,"Financial turn sell address quality."
277,41,2023-12-05,07:03:02,Withdrawal,949.93,"Adult reality home move."
278,572,2020-06-27,06:10:34,Deposit,5823.05,"East lot question suffer."
279,974,2024-08-16,08:09:26,Transfer,8414.75,"Wait plant friend."
280,1809,2021-04-09,17:29:52,Withdrawal,9174.08,"Plant small action couple management."
281,573,2020-12-11,20:02:06,Withdrawal,4666.72,"During concern push."
282,1534,2022-12-30,16:05:08,Transfer,7415.08,"Field after citizen knowledge garden."
283,629,2024-01-27,03:44:22,Deposit,5022.17,"Tonight series customer attorney front."
284,1042,2020-09-26,09:18:22,Transfer,7980.97,"Outside economy bar city."
285,2211,2024-02-27,21:58:18,Deposit,5911.10,"Into just himself human particular speak."
286,31,2024-09-22,22:06:49,Withdrawal,7718.89,"Him deal your alone executive."
287,170,2021-04-06,06:37:58,Withdrawal,4932.17,"Stuff course this together process ability modern."
288,2354,2020-09-28,07:14:19,Deposit,9616.81,"Herself up light white six."
289,697,2021-11-07,08:07:38,Transfer,5899.78,"Three can son left sister."
290,1452,2021-03-20,12:34:24,Deposit,3586.10,"Exactly free agreement special safe down."
291,235,2022-09-17,01:28:42,Deposit,3409.53,"Person strong it phone figure."
292,1188,2024-04-08,11:53:00,Withdrawal,2756.62,"Defense chance man eight third require clearly."
293,1367,2021-11-13,10:12:03,Transfer,5039.53,"East catch way unit."
294,2160,2021-01-26,13:34:37,Transfer,1929.13,"Rate population identify group open treat."
295,704,2024-04-08,17:40:47,Withdrawal,6997.71,"Agree hand reduce pay program collection."
296,1958,2021-03-03,22:07:27,Deposit,4051.26,"Believe everybody develop service push audience share night."
297,2081,2020-11-10,06:03:19,Withdrawal,3985.01,"Ten college outside establish job feel."
298,2395,2022-12-26,22:01:49,Deposit,3630.50,"Chair board chair quality fire."
299,1307,2021-10-11,20:38:53,Transfer,3738.59,"That area identify east."
300,1605,2020-09-09,12:27:55,Deposit,5558.94,"Figure tonight throw will."
301,1436,2020-07-18,16:18:17,Deposit,7552.27,"Author design reflect series decide."
302,1445,2022-11-16,07:20:47,Transfer,7960.19,"Here return site manage road treat."
303,1662,2022-01-14,00:22:33,Deposit,7571.76,"Thus collection member site."
304,1832,2021-01-27,13:38:44,Deposit,5529.18,"Project policy side whose black senior measure."
305,1032,2024-02-02,23:01:00,Deposit,6464.73,"Evidence research partner stuff."
306,695,2024-05-21,09:58:23,Deposit,2464.38,"Note such probably story measure old realize also."
307,1178,2025-02-24,19:29:22,Transfer,5738.24,"Suggest get white rich."
308,56,2022-12-18,02:11:52,Transfer,7024.63,"International street could food miss hotel which."
309,698,2024-11-20,16:46:10,Transfer,4439.41,"Her civil least."
310,1633,2023-10-02,00:43:40,Deposit,2630.14,"Past pick series six movement information."
311,1404,2023-02-26,00:02:49,Deposit,9629.10,"Agent enjoy great can."
312,796,2020-09-06,12:07:13,Deposit,676.87,"May they federal short account inside ok."
313,162,2021-08-21,00:21:17,Deposit,7174.59,"Professional cover by yeah."
314,205,2023-11-11,14:23:42,Transfer,7604.98,"Purpose authority speech music former."
315,1007,2023-10-02,21:44:35,Withdrawal,7632.53,"Visit foreign television half."
316,728,2021-01-13,11:38:50,Deposit,1611.62,"Word find nation not indeed remain government owner."
317,384,2023-07-22,16:40:37,Deposit,9496.88,"Stage answer sure arm still."
318,24,2021-03-16,09:01:30,Transfer,477.30,"Run politics shake."
319,2167,2020-07-26,20:54:18,Deposit,4619.42,"Message official notice political deep policy president."
320,1313,2021-03-08,06:35:48,Withdrawal,2817.06,"Personal east choice hear major collection blue."
321,1713,2025-01-28,00:39:46,Deposit,4745.28,"I professor analysis stand participant wait."
322,532,2022-01-03,13:13:18,Withdrawal,2820.99,"Either media hour glass."
323,1450,2024-02-26,18:22:38,Deposit,157.11,"Product behind research necessary west various TV yard."
324,1897,2025-02-27,21:31:51,Deposit,2006.85,"Whom sort science attention drop."
325,1822,2022-05-02,17:41:09,Withdrawal,6593.76,"Home police significant expect culture letter."
326,456,2022-11-10,14:09:41,Deposit,9830.56,"Do poor involve."
327,1681,2024-06-02,23:34:43,Deposit,134.18,"Speech soon its whose ask."
328,1061,2023-04-05,11:04:53,Withdrawal,7128.39,"No baby important about woman film."
329,1228,2020-12-12,22:11:05,Deposit,9387.53,"Memory support individual several rule away."
330,1594,2025-02-03,14:32:46,Withdrawal,2767.46,"Herself benefit task see likely admit factor must."
331,477,2020-09-13,04:08:20,Transfer,1974.31,"Out room record war total dark born."
332,1925,2025-06-16,07:35:09,Transfer,8948.65,"Person than fight style somebody source."
333,1953,2021-05-11,15:29:22,Withdrawal,8944.01,"Themselves present fire old realize."
334,1729,2025-01-06,12:22:52,Transfer,2092.20,"Sort interest fast field difficult."
335,1198,2025-03-14,12:08:32,Deposit,6240.52,"Third event stay hear three government."
336,1137,2023-05-31,15:18:59,Withdrawal,8090.43,"Culture ten garden interest later vote wrong."
337,1394,2021-07-29,16:28:38,Deposit,5120.85,"Gas interesting could again."
338,355,2022-05-22,03:47:40,Withdrawal,6201.03,"Their idea organization bed represent since exist."
339,707,2024-09-15,16:53:18,Withdrawal,6976.36,"Late model quite himself on impact world."
340,691,2024-09-15,08:24:42,Withdrawal,5608.02,"So bag various ground dinner although it."
341,1093,2025-05-06,20:44:24,Withdrawal,786.92,"Kid piece general beautiful magazine information design song."
343,805,2024-02-23,23:14:36,Transfer,8240.91,"Per information lose sign lawyer wrong."
344,1838,2022-06-29,01:59:22,Transfer,7610.95,"Special concern two window."
345,1471,2022-02-26,20:06:35,Withdrawal,7729.38,"Including might fight inside matter author call."
346,924,2020-11-07,14:39:45,Withdrawal,8422.25,"List read large instead building have."
347,2292,2024-01-19,03:34:34,Transfer,424.21,"Point right light whom."
348,709,2021-01-29,04:15:16,Deposit,5162.02,"Step myself weight should security eight ground bad."
349,1091,2023-09-16,02:44:58,Deposit,6531.84,"Agree rate goal ability policy question."
350,14,2023-05-31,08:51:27,Transfer,3395.65,"Forward customer all foreign light president this."
351,1382,2024-12-31,16:15:29,Transfer,8857.51,"Peace change television tend with adult."
352,1098,2023-09-25,12:12:53,Deposit,922.79,"Return perhaps long later politics father."
354,134,2021-09-07,16:50:18,Transfer,7812.32,"Yourself us level two attack matter."
355,319,2022-11-05,22:25:20,Withdrawal,6722.90,"Individual yes politics agree product response."
356,2002,2025-03-16,19:13:22,Transfer,6354.56,"Particular center ball its board dog enter."
357,1203,2023-05-18,13:30:08,Deposit,4561.55,"Woman however half participant able."
358,2141,2021-04-11,10:03:42,Withdrawal,2765.32,"Group staff big different sometimes reflect."
359,1623,2021-11-18,16:04:56,Transfer,3758.01,"Where teacher although heavy."
360,1849,2020-12-29,05:17:34,Transfer,9630.56,"Cause down again."
361,1703,2023-07-21,19:11:32,Withdrawal,8962.01,"Unit store own employee nearly throw morning."
362,539,2021-01-26,16:11:36,Transfer,8769.62,"However serious worker next employee."
363,1656,2024-03-27,23:15:10,Transfer,9246.92,"Yard life real."
364,276,2023-01-12,17:43:29,Withdrawal,6594.62,"Find sometimes provide level hard."
365,357,2024-02-10,22:41:31,Transfer,3733.94,"Story outside control development."
366,2495,2022-06-19,20:08:45,Transfer,345.25,"Per act true week."
367,1855,2025-06-15,01:16:35,Withdrawal,9245.78,"Bank shake care bill fund source."
369,168,2022-05-15,04:08:43,Transfer,4549.68,"Degree quickly owner establish phone beautiful program."
370,2303,2024-06-16,13:34:43,Withdrawal,214.13,"Teacher over during even single almost where hand."
371,1489,2020-12-24,02:44:43,Withdrawal,7531.46,"Civil dinner back near theory go."
372,1383,2023-12-16,19:53:29,Deposit,2286.66,"Control blue member under."
373,1094,2020-08-29,11:32:49,Withdrawal,5925.48,"Whether might by benefit quality."
374,111,2023-06-21,08:41:00,Withdrawal,4835.64,"Wrong pick cost consider one real even social."
375,865,2022-09-14,11:12:30,Deposit,8176.06,"It toward beat generation picture really."
376,493,2021-08-08,09:12:10,Transfer,9330.83,"Make his push standard hit necessary security night."
377,752,2023-06-04,19:47:02,Withdrawal,4109.02,"Read budget detail source somebody remain."
378,2354,2021-11-28,23:14:54,Transfer,2819.28,"Help art general memory area point."
379,67,2025-02-27,19:30:45,Transfer,4526.70,"Space later message money."
380,1765,2021-05-27,04:54:52,Withdrawal,2188.12,"Difference million film television change enter."
381,2449,2020-12-18,18:11:06,Deposit,3878.24,"Less section issue notice hear cost."
382,2346,2024-07-11,15:56:44,Withdrawal,2051.46,"Road smile look pressure offer over record."
384,2064,2024-03-07,02:42:24,Withdrawal,9874.24,"Power direction anything reduce."
385,1290,2021-01-24,09:05:30,Transfer,3233.30,"Begin treat little stage apply certain factor."
386,1240,2020-10-12,07:42:49,Transfer,1389.12,"Individual best movement actually."
387,1866,2022-03-20,02:16:11,Deposit,2630.99,"Share who official."
388,1731,2023-01-16,23:09:55,Transfer,7650.77,"Pm student down space together."
389,1645,2021-01-09,23:19:30,Transfer,7235.65,"Song easy bed attention thing order."
390,1601,2022-05-31,19:19:58,Deposit,1876.32,"State bag open central must line conference."
391,286,2024-04-16,00:23:16,Withdrawal,7632.43,"Decision wall security few."
393,2382,2024-05-12,04:57:52,Deposit,7669.71,"Example responsibility then say paper leg."
395,655,2023-01-31,16:46:42,Withdrawal,1208.78,"Business resource phone end Mr."
396,1323,2023-04-24,01:37:44,Deposit,7728.42,"Somebody grow example color."
397,371,2022-05-10,18:35:20,Withdrawal,7378.00,"Eight compare response present west."
398,2187,2023-04-12,21:51:19,Withdrawal,8225.36,"Moment paper plant."
399,1075,2021-05-04,20:22:01,Deposit,4058.20,"You throughout professor event."
400,124,2023-03-24,13:20:39,Deposit,7182.45,"Fund strong skill term."
402,1339,2024-09-04,09:53:25,Withdrawal,6874.01,"Door memory would brother last itself."
403,79,2022-05-16,23:59:50,Deposit,2829.95,"Can likely bag such born."
404,1715,2021-06-19,14:42:16,Withdrawal,277.57,"Character window minute that lose sit."
405,736,2022-11-19,02:34:43,Deposit,6173.13,"Should cut industry realize southern the structure general."
406,1799,2021-01-30,22:32:55,Deposit,29.90,"Pattern require affect another even."
407,2488,2022-10-29,09:27:52,Transfer,1632.44,"Out heavy story their."
408,951,2022-06-28,13:52:33,Transfer,9125.50,"Herself western assume."
409,1139,2020-07-29,08:32:18,Transfer,7865.63,"President site when term fall wife claim."
410,601,2023-12-10,18:04:59,Transfer,6786.16,"Outside artist resource wife."
411,1909,2022-12-25,14:26:20,Transfer,5392.38,"Reach agency more good future."
412,2057,2025-04-04,18:18:03,Deposit,3869.78,"Class event decade project until."
413,1111,2023-07-14,19:15:58,Transfer,2225.72,"Course attorney resource impact our."
414,2162,2022-09-28,21:37:31,Transfer,8638.34,"Each every note go."
415,213,2021-07-05,05:27:18,Deposit,3802.34,"Many might crime up speech list someone set."
416,2380,2023-01-29,08:14:50,Transfer,6585.12,"Young task maybe nature event let book."
417,2094,2023-08-28,23:27:32,Deposit,3292.39,"International indicate upon grow design out yet minute."
418,1839,2020-08-13,00:04:02,Deposit,1153.23,"Main very husband scientist really."
419,2454,2023-01-24,00:21:55,Deposit,4128.54,"Hotel western option feel future claim."
420,1828,2022-01-24,16:06:30,Deposit,2043.83,"Discussion than we air better protect must company."
421,2210,2022-01-27,17:35:07,Deposit,5180.64,"Risk rock turn along ahead government into."
422,269,2023-05-13,21:18:16,Withdrawal,1601.75,"Program Mr project impact."
423,679,2020-11-12,10:56:04,Transfer,9459.23,"Start attorney blue system wall shoulder unit."
424,1213,2024-02-16,05:23:03,Withdrawal,8426.05,"Wish real or watch allow."
425,124,2023-07-14,06:00:06,Transfer,8508.08,"Mention financial fast management."
426,2115,2024-08-10,20:42:24,Transfer,6601.11,"Along space mention more onto story."
427,2315,2021-01-01,07:09:33,Deposit,6419.44,"Consumer work fine image type."
428,1129,2022-05-12,17:14:58,Deposit,761.87,"Imagine summer professional west theory development."
429,1733,2021-09-16,20:28:05,Transfer,6857.38,"Marriage off card three."
430,1577,2021-06-17,10:30:43,Deposit,1723.19,"When off easy spend."
431,1606,2023-03-16,03:54:35,Deposit,165.40,"Choice beat adult."
432,547,2024-11-21,00:32:04,Deposit,2408.68,"Least test offer property remain."
433,233,2023-09-01,08:36:41,Transfer,7576.53,"With describe opportunity learn scientist."
434,1726,2024-04-16,21:01:00,Deposit,6728.45,"Money risk culture social history teacher event."
435,1150,2024-10-06,03:49:08,Withdrawal,2191.24,"Food idea day tend local eat view among."
436,1563,2020-07-08,22:28:49,Transfer,6513.10,"Between property speech charge expect present hand."
437,1369,2020-11-09,07:15:44,Transfer,6807.86,"Plant space sound or."
438,25,2020-07-24,13:36:32,Deposit,1794.64,"Board carry gas."
439,1210,2020-11-24,20:17:03,Transfer,9305.16,"Bill manager prevent best hit indicate individual."
440,665,2022-06-21,07:35:42,Transfer,8770.28,"Management place short."
441,2444,2022-06-19,07:39:58,Deposit,5859.81,"Crime understand region ball door whether team."
442,640,2023-06-14,01:17:48,Deposit,4590.71,"Into close charge movement remember."
443,749,2024-05-10,08:10:17,Transfer,9095.63,"Hit argue main site top officer."
444,1660,2025-05-10,12:03:29,Transfer,597.40,"Herself paper health better."
445,1839,2021-04-27,08:29:57,Deposit,1327.27,"Name than performance truth."
446,993,2020-12-10,02:02:33,Withdrawal,3189.27,"Well young sort friend account."
447,1263,2022-08-02,19:20:07,Deposit,3525.79,"Hard prove our finish help red not."
448,1741,2024-06-06,14:29:33,Withdrawal,5017.31,"Happy trial several civil factor animal."
449,2183,2021-02-26,13:00:07,Withdrawal,7899.83,"Card partner think agent become agent."
450,1141,2024-02-14,00:27:17,Transfer,172.52,"Responsibility establish age challenge body carry control option."
451,1639,2022-05-09,23:27:55,Transfer,2727.05,"Cost military case who."
452,2090,2021-03-06,20:33:28,Transfer,1477.23,"Natural growth lay mention decision book resource whether."
453,2335,2021-09-23,23:32:23,Withdrawal,9980.80,"Response lead firm."
454,1514,2021-04-22,08:15:31,Withdrawal,9391.31,"Hope attention know effect market."
455,624,2023-07-09,08:08:40,Deposit,9607.69,"Traditional clear move than speak food."
456,158,2025-04-24,22:48:52,Withdrawal,4038.29,"Fire black factor inside."
457,2167,2020-12-01,10:14:59,Withdrawal,2844.20,"Natural camera expert able music."
458,1528,2022-12-17,02:51:24,Transfer,3111.02,"Room international enjoy budget wall feel."
459,714,2021-10-09,04:59:11,Deposit,7487.46,"Nothing quality often."
460,762,2022-07-28,18:48:15,Transfer,5249.10,"Forward magazine raise beyond what whatever more."
461,1683,2020-06-20,16:37:16,Transfer,6202.63,"Of minute forward girl physical."
462,1708,2021-12-31,01:31:28,Withdrawal,735.99,"General lot suffer turn listen rise."
463,2332,2020-12-25,06:00:23,Transfer,4087.73,"Government team nature travel approach best moment."
464,1413,2022-10-23,17:49:43,Withdrawal,6106.63,"Consider gun energy."
465,2461,2024-08-18,19:23:07,Transfer,8213.00,"Buy every those."
466,2471,2023-05-07,05:39:49,Transfer,5486.13,"Picture into each name federal."
467,2265,2021-10-10,14:05:06,Transfer,4779.82,"Agreement generation sell mind."
468,2278,2022-11-27,14:21:17,Transfer,4645.27,"House could fill."
469,768,2025-05-22,01:34:33,Withdrawal,9164.48,"Per improve join."
470,1234,2022-02-20,14:04:40,Deposit,2478.12,"Buy heavy approach score manage white sure offer."
471,201,2022-09-05,18:50:43,Transfer,9475.80,"Point court yourself south cover over."
472,2491,2022-04-05,20:08:29,Deposit,965.50,"Rather responsibility new brother."
473,2163,2020-10-21,00:53:23,Transfer,1904.10,"Major course risk whom nature thousand water."
474,347,2024-09-15,04:03:36,Deposit,9910.51,"Over start behind number idea simple laugh."
475,121,2020-07-20,02:27:00,Deposit,8969.08,"Television walk meeting medical us state."
476,204,2021-03-18,17:39:46,Transfer,9789.10,"Allow myself different mother professional make."
477,1634,2022-12-15,06:17:49,Deposit,8402.36,"Blue tree approach."
478,276,2023-01-20,03:39:05,Withdrawal,7414.50,"Discover heavy perform over enter prevent middle example."
479,139,2023-02-25,17:25:27,Withdrawal,7313.58,"Concern happen military bed trial side program."
480,892,2023-08-06,15:16:58,Withdrawal,1190.91,"Number check adult daughter style."
481,2355,2020-10-04,08:40:53,Withdrawal,3220.76,"Born result career."
482,2227,2025-01-07,08:32:07,Withdrawal,1332.63,"Suddenly make medical follow."
483,2213,2023-07-23,02:14:11,Withdrawal,6447.83,"Any believe name stay usually letter."
484,1572,2023-08-31,20:24:48,Withdrawal,1606.09,"City social catch figure in."
485,555,2024-07-09,03:05:43,Withdrawal,9086.82,"Still picture recognize."
486,620,2021-03-13,11:14:55,Deposit,5190.72,"American place condition term throw peace data."
487,951,2023-03-13,08:02:09,Deposit,5706.57,"Live suddenly young or want entire head man."
488,1748,2022-04-15,13:46:20,Withdrawal,6090.23,"Major once audience guy discuss company."
489,1070,2023-07-04,18:15:25,Transfer,9058.38,"His thus market western course film."
490,2329,2025-03-02,01:39:26,Transfer,9212.96,"Pay agent story send."
491,140,2020-09-01,00:09:43,Transfer,9877.50,"Computer trial authority car left."
492,2188,2020-09-12,13:22:11,Deposit,8794.67,"Wrong car prove have serve name."
493,1493,2022-12-23,00:39:49,Deposit,6283.20,
494,1674,2021-05-28,11:06:03,Withdrawal,1014.04,"Rule financial expert behavior."
495,2343,2021-12-13,20:20:47,Withdrawal,9781.93,"Effect too piece back report eight process."
496,1190,2022-11-26,17:55:54,Deposit,3103.10,"Rich support public dark look join piece."
497,1259,2024-12-03,06:05:18,Withdrawal,2583.70,"Property mean see note poor plan himself dog."
498,1303,2024-12-23,16:08:48,Deposit,9644.01,"Later organization beautiful go."
499,1975,2023-05-22,05:36:24,Transfer,6190.54,"Letter them decision throughout owner miss another talk."
500,398,2024-10-30,11:22:48,Deposit,527.78,"Subject treat national see many."
501,805,2022-12-11,15:54:08,Transfer,1703.89,"Phone discuss fill figure step these south."
502,1433,2022-12-19,01:33:38,Deposit,2265.30,"Loss notice surface nothing economic."
503,2358,2021-03-02,11:52:42,Transfer,1801.59,"We head study rest."
504,1367,2024-12-23,12:48:46,Transfer,7444.67,"Third once visit mouth clearly international."
505,291,2025-03-25,04:33:12,Transfer,1990.78,"His meet need community challenge voice."
506,861,2021-04-27,05:04:01,Withdrawal,412.74,"Prevent forget close follow enough."
507,754,2022-11-23,13:00:09,Withdrawal,8519.32,"Affect bag I probably argue strategy beautiful."
508,1838,2022-04-14,17:58:42,Withdrawal,5504.00,
509,1110,2022-10-29,12:57:55,Withdrawal,4318.21,"Support could memory."
510,2190,2022-12-12,01:52:36,Withdrawal,8661.35,"Congress development group wear remember."
511,1292,2022-10-15,10:26:05,Deposit,9230.82,"Tell business voice service discussion political."
512,1927,2020-07-02,20:20:37,Withdrawal,3220.31,"Full worker subject lay hard most."
513,2492,2023-08-15,21:58:25,Deposit,7866.41,"Available hospital win throughout good player up."
514,2283,2024-03-10,04:58:18,Withdrawal,907.39,"Hit child shoulder its three lose behavior."
515,682,2024-07-28,09:01:31,Transfer,5934.96,"Spring by while some."
516,1441,2022-11-16,00:24:52,Withdrawal,1933.93,"Watch nor relationship fish his."
517,2479,2022-12-06,19:53:06,Deposit,5587.86,"Product site environmental action million risk military."
518,6,2020-07-29,10:26:50,Withdrawal,3469.70,"Event city sit then set huge blood party."
519,391,2020-10-10,21:12:28,Withdrawal,8953.02,"Leg my option forget office bag beyond new."
520,1112,2024-09-16,17:32:55,Transfer,8009.66,"Learn scientist four traditional really us build."
521,1499,2024-08-04,18:14:52,Deposit,6026.75,"Thing item any offer tonight involve."
522,1632,2025-02-09,13:17:51,Deposit,6469.66,"Brother international concern cut news use."
523,12,2023-08-03,16:56:07,Deposit,2857.71,"Hand partner space at technology way eye."
524,52,2021-03-03,09:42:30,Transfer,3121.71,"Vote human size newspaper become myself."
525,481,2021-03-27,07:33:39,Transfer,2770.15,"Question shoulder majority such majority even."
526,1019,2020-12-06,08:21:55,Transfer,9231.96,"Bring education time ten laugh leader."
527,613,2021-04-24,20:52:05,Deposit,823.53,"Number fact cell behind site customer."
528,857,2022-11-26,01:21:10,Transfer,3832.36,"Nice party single him peace left."
529,164,2022-05-01,09:49:21,Deposit,5142.28,"Standard less animal institution without girl personal collection."
530,2229,2022-10-06,02:04:20,Transfer,3999.41,"Company mind knowledge various."
531,87,2022-01-25,14:29:29,Transfer,4453.71,"Mr total room hotel station."
532,621,2022-10-19,23:57:06,Withdrawal,3223.74,"How recognize contain trial certain none civil."
533,1385,2023-06-07,13:20:56,Deposit,9708.55,"Six represent data international budget accept not."
534,1792,2023-07-09,03:07:23,Transfer,6007.13,"Resource can soon something."
535,970,2020-10-19,14:37:29,Withdrawal,7211.12,"Leg wife thing positive hair officer."
536,228,2022-04-12,05:11:19,Deposit,6052.97,"Lead program line eight work."
537,1080,2020-12-22,21:44:50,Deposit,5036.34,"Data responsibility night catch employee but kind."
538,219,2020-11-24,08:26:20,Withdrawal,4878.95,"Ready maintain on career result share travel view."
539,2479,2024-02-09,18:34:47,Transfer,4834.85,"Really mission vote along sense language ability."
540,2444,2024-12-21,22:13:00,Deposit,419.85,"Report writer official none tend major short."
541,482,2024-03-16,07:26:28,Transfer,6995.92,"Technology firm collection."
542,1156,2023-01-05,14:47:52,Deposit,797.82,"Worker exist beautiful type."
543,595,2021-07-14,22:48:43,Withdrawal,3791.94,"Describe central against Democrat identify president enough."
544,2201,2020-10-04,06:29:19,Withdrawal,5539.91,"Continue role statement project enjoy market soldier method."
545,1405,2021-05-18,08:57:04,Deposit,8005.42,"Take want art simply could trip bit."
546,489,2025-01-23,02:01:41,Deposit,5944.06,"Politics thing usually section film agent tell."
547,1210,2025-02-17,08:39:04,Withdrawal,7989.22,"Pm rate out speak however hard never."
548,651,2024-08-27,23:13:44,Deposit,190.71,"Necessary red federal pretty election they color."
549,1927,2021-11-30,21:25:30,Transfer,80.03,"Human yes close free few everything left."
550,1117,2024-08-03,04:49:53,Withdrawal,7114.57,"Hit spring name today."
551,233,2022-12-31,06:33:58,Transfer,6792.17,"Itself be change general bar item."
552,564,2020-10-12,09:29:18,Transfer,8955.05,"Church PM region yard."
553,261,2025-03-05,00:12:01,Withdrawal,3910.11,"Real apply however science."
554,2345,2020-08-27,02:11:12,Withdrawal,7294.65,"Particular tree clear safe begin night."
555,1726,2024-06-13,22:31:40,Withdrawal,8041.03,"Choose here attorney."
556,542,2023-02-11,06:51:02,Withdrawal,1806.22,"Truth candidate either."
557,2361,2022-01-03,01:53:58,Withdrawal,9229.26,"Section year above general itself most."
558,56,2023-10-13,09:08:28,Deposit,7492.91,"We speak seat remain."
559,2190,2024-08-22,02:45:15,Withdrawal,174.27,"Social service traditional case man."
560,2276,2022-03-27,07:54:01,Withdrawal,69.32,"Technology notice also trial final hope admit."
561,2118,2024-03-24,13:09:51,Withdrawal,493.70,"Rule little officer away job."
562,213,2024-07-07,02:00:06,Withdrawal,2372.68,"Recognize table available certain before."
563,978,2022-10-30,19:56:55,Withdrawal,8294.06,"Prevent significant tell whole professional start our."
564,530,2020-07-18,17:18:34,Transfer,5313.71,"Court speech support factor."
565,1757,2024-05-23,15:06:50,Withdrawal,8375.82,"Road central majority indicate tonight."
566,2408,2025-04-19,03:29:50,Deposit,119.38,"Store fire knowledge sport."
567,180,2021-04-15,01:11:41,Transfer,1191.47,"Anyone agreement sure town relationship."
568,972,2023-07-10,07:47:17,Transfer,297.84,"Bring develop exactly strategy reflect."
569,96,2023-07-22,23:42:39,Transfer,2630.30,"Impact house page bag may."
570,820,2021-03-23,06:46:44,Withdrawal,7572.19,"History drop value."
571,2448,2024-08-30,14:27:42,Withdrawal,2320.34,"Partner local event life thus leave industry her."
572,765,2024-01-19,23:49:53,Withdrawal,426.18,"However kid eight offer behavior few."
573,2185,2024-10-19,18:52:15,Withdrawal,439.55,"True share six western travel defense."
574,1899,2023-01-10,01:19:20,Withdrawal,9173.14,"Claim institution reduce sea."
575,1210,2022-02-27,21:10:34,Transfer,3223.59,"The exist your reality."
576,2419,2021-08-04,11:47:54,Deposit,448.01,"Human actually exist message firm."
577,2281,2020-10-28,19:46:11,Transfer,2822.34,"Successful beyond peace night institution away."
578,1350,2022-12-13,01:49:28,Deposit,5142.81,"Arm other beat trade loss government people office."
579,67,2020-09-28,21:24:10,Transfer,5614.99,"Learn much she before myself marriage."
580,2439,2020-10-06,01:01:40,Withdrawal,3485.13,"Arrive value deep food total head."
581,866,2022-03-29,22:05:52,Withdrawal,8864.29,"Also rise parent fear why."
582,1353,2021-09-23,22:22:30,Withdrawal,9803.71,"Professor night one."
583,688,2020-06-25,09:17:19,Transfer,7944.08,"Certain serious student growth."
584,506,2025-05-03,23:02:58,Withdrawal,6169.14,"Pass tree happy simple tree audience reason."
585,1669,2021-05-28,14:17:15,Withdrawal,130.60,"Full training describe special brother beat."
586,1673,2024-06-17,07:15:17,Deposit,8110.49,"Daughter nature provide."
587,1269,2021-09-29,05:10:10,Transfer,4236.34,"Cut current audience expert wish receive."
588,1214,2021-06-28,12:48:16,Withdrawal,8638.29,"Choose audience industry available strong would building as."
589,1727,2022-12-18,07:54:16,Withdrawal,170.19,"Material concern break management long common heart."
590,258,2025-02-04,10:20:00,Withdrawal,5044.64,"Glass ten guy phone out."
591,1534,2024-05-20,23:28:44,Deposit,6812.14,"Current blue bring sound."
592,944,2021-02-03,23:07:51,Transfer,7261.10,"Financial effort project here."
593,1734,2023-10-06,20:57:45,Withdrawal,8091.54,"Born cut reason help condition free or west."
594,222,2022-08-27,13:54:10,Withdrawal,5270.33,"Able style fact road receive act."
595,1530,2025-03-01,17:20:54,Deposit,1800.63,"Newspaper election later detail customer traditional agreement fast."
596,857,2021-05-21,16:35:51,Deposit,5911.40,"Hard decision really weight training."
597,2324,2022-10-20,03:10:15,Withdrawal,575.58,"Glass may purpose large glass happen."
598,1083,2021-09-01,22:27:02,Transfer,7455.92,"End scene media next wife traditional."
599,1311,2023-08-28,17:02:22,Transfer,9390.30,"Cup your future miss."
600,2391,2020-06-23,20:27:17,Deposit,3199.99,"Look day reflect."
601,2346,2020-12-26,05:07:35,Transfer,808.72,"Not what pull finish."
602,2150,2022-07-28,19:18:12,Transfer,5760.03,"Identify create tree degree own identify."
603,1231,2021-12-23,07:03:54,Transfer,4052.11,"However daughter officer free majority brother bag."
604,1353,2021-03-03,22:52:00,Withdrawal,8852.90,"Summer grow stay score time."
605,798,2022-05-24,07:19:09,Withdrawal,7137.70,"Claim knowledge color step sign."
606,2292,2024-12-27,16:05:11,Withdrawal,3965.92,"Shoulder this happy person."
607,1533,2023-09-16,11:33:25,Transfer,4692.39,"Approach new let figure let."
608,995,2020-08-13,06:23:03,Transfer,6943.71,"Myself day front mission various."
609,364,2021-10-12,14:25:37,Transfer,2660.94,"Upon discussion foot and national."
610,411,2023-02-12,18:33:18,Transfer,1864.23,"Easy son project staff something hope hot certain."
611,1475,2024-01-19,21:49:53,Withdrawal,4893.80,"Region discover body case fast two seat."
612,589,2024-06-18,21:31:18,Transfer,7067.62,"So source information quite south team."
613,872,2021-06-30,19:55:43,Transfer,1341.28,"In to history old little step theory."
614,1659,2024-11-06,12:41:51,Withdrawal,2598.17,"Computer political far wife expect strong throw leave."
615,2297,2021-07-10,02:16:52,Deposit,3228.38,"Page weight business see enjoy stock."
616,1618,2022-05-24,18:01:09,Withdrawal,3766.86,"Financial knowledge claim benefit my."
617,766,2022-11-14,11:03:13,Withdrawal,1661.73,"Safe break eight."
618,970,2020-06-22,03:33:12,Transfer,9331.19,"Whose because option help."
619,2192,2024-06-21,02:04:40,Withdrawal,6520.54,"Good task card production."
620,977,2022-08-28,10:15:45,Transfer,1831.79,"Trip color kind bring southern."
621,1030,2020-09-15,11:27:55,Transfer,9915.84,"For very with unit term part."
622,774,2023-08-18,10:04:15,Deposit,7613.84,"Body still yard total."
623,1143,2023-01-30,11:17:10,Withdrawal,1391.62,"Upon when seek season hot buy."
624,2027,2024-09-28,19:36:02,Transfer,715.32,"Age learn remember cover law but read."
625,612,2023-07-19,06:21:07,Transfer,100.84,"Skill continue run case until despite."
626,1358,2023-08-04,00:56:34,Withdrawal,8621.56,"Sister wind until picture."
627,1101,2024-03-29,23:41:00,Transfer,3427.54,"Bar soldier yet radio item consider."
629,2496,2022-06-10,22:22:42,Transfer,703.71,"Other so nothing project mention military."
630,906,2023-02-18,23:24:35,Deposit,304.25,"Church college choose keep skill consider."
631,1612,2025-06-09,17:26:08,Withdrawal,9846.97,"Exist night floor fire expect citizen also."
632,634,2022-12-18,23:59:27,Deposit,7736.83,"Rise laugh concern six someone book outside."
633,617,2025-04-01,01:51:04,Deposit,4932.70,"Draw present put rather lay such investment."
634,895,2022-04-17,19:17:07,Deposit,9392.94,"Anything phone key part teacher."
635,2074,2023-06-21,23:46:10,Transfer,9601.30,"Some country other hear store hotel including."
636,1646,2021-01-22,22:29:00,Withdrawal,7303.83,"Play study establish newspaper heavy market."
637,1815,2024-08-21,06:40:26,Deposit,2081.28,"Poor defense hotel what might."
638,976,2020-12-01,09:06:54,Withdrawal,7977.73,"Phone lawyer bring lead various election."
639,1283,2020-08-17,14:06:33,Deposit,6242.81,"Whose at phone image national."
640,555,2022-01-04,17:14:46,Transfer,2883.76,"Method light safe land left though around."
641,154,2022-07-21,06:20:21,Transfer,4734.44,"A health night somebody."
642,220,2021-12-05,06:39:57,Deposit,8979.09,"Late subject health live open especially see."
643,1780,2025-04-09,01:34:36,Withdrawal,7817.20,"Full suddenly write page anyone."
644,685,2022-09-25,19:26:18,Withdrawal,4539.90,"Anyone whole list yes policy."
645,2332,2023-03-09,11:36:12,Deposit,8420.16,"Why blood foot suffer personal."
646,655,2022-01-04,19:51:02,Deposit,8429.27,"Air case keep space road approach gun as."
647,1659,2022-05-29,14:08:52,Deposit,8050.45,"Window thus organization course avoid its per."
648,1462,2021-07-05,02:12:31,Transfer,8471.03,"Chair sense term enjoy."
649,1653,2020-12-04,13:28:13,Withdrawal,9459.18,"North ahead something lose avoid score describe."
650,1159,2023-09-21,23:02:32,Transfer,4483.69,"Activity them themselves himself act apply gas."
652,892,2021-04-15,22:27:10,Transfer,6992.84,"Rise American per event treatment."
653,1985,2025-04-07,10:04:51,Transfer,5747.41,"Fly big couple chair fact."
654,1138,2021-05-22,23:18:00,Transfer,7898.04,"Choose face remember at use bad."
655,2073,2025-02-26,12:52:02,Withdrawal,353.47,"Increase near card state."
656,1291,2023-08-10,01:15:04,Withdrawal,151.92,"Foreign player line Mr support."
657,851,2023-12-12,08:01:42,Deposit,8237.23,"National impact respond important trade particularly foot."
658,1788,2023-11-29,04:50:55,Withdrawal,2172.62,"Summer keep whether system there people man program."
659,912,2024-02-09,03:01:14,Transfer,2580.03,"Billion whole each section that stand woman."
660,536,2022-08-18,10:03:09,Deposit,1577.92,"Above present need forget tax."
661,2186,2024-09-24,19:20:27,Transfer,755.55,"Other rest same collection seek."
662,428,2020-12-15,06:24:41,Withdrawal,6163.02,"Boy you finally history form reach president."
663,1391,2021-09-24,09:48:59,Deposit,2522.26,
664,300,2024-01-18,10:31:31,Deposit,6853.71,"Your medical know strong."
666,2176,2024-12-13,15:34:56,Transfer,9155.05,"Book expect about pressure."
667,1230,2022-09-26,18:39:09,Deposit,8268.84,"Effort tax discover yard purpose."
668,662,2023-06-06,16:46:57,Withdrawal,3982.94,"Card wind travel ask quite forward when."
669,2065,2021-03-12,05:08:50,Transfer,4922.03,"Evening risk quickly car government series policy."
670,2053,2021-08-03,03:03:36,Transfer,1422.02,"Game because south common there action."
671,840,2020-06-17,23:54:05,Withdrawal,5263.34,"Yourself my minute wind likely instead seat."
672,1979,2021-05-14,20:41:38,Deposit,3304.98,"Leader knowledge civil medical for."
673,1189,2024-02-11,16:10:39,Deposit,3885.45,"Who range back sense nor great movie author."
674,316,2020-11-03,01:28:25,Transfer,2007.29,"Customer leg technology walk surface opportunity wonder."
675,2358,2020-10-21,19:14:30,Transfer,3707.08,"Whatever later because act color street real."
676,2356,2022-02-07,08:41:16,Transfer,5369.44,"Worker five tree despite form name box."
677,1111,2023-05-30,03:00:51,Withdrawal,254.77,"Personal off always after."
678,2111,2022-09-17,00:01:41,Withdrawal,6870.12,"Care onto significant speech view miss win."
679,2324,2021-05-06,14:50:16,Withdrawal,1936.05,"Certain series security another help significant race."
680,989,2023-03-21,10:29:58,Deposit,8564.60,"Turn throughout movement plant range yes and."
681,1822,2021-09-07,06:02:03,Deposit,2021.29,"Realize training image respond image."
682,208,2022-08-01,12:27:29,Transfer,602.95,"Thousand onto him tonight understand size."
683,1709,2021-12-15,11:19:01,Deposit,3848.07,"Democrat sell many camera near guess bring."
684,406,2021-10-14,22:14:13,Withdrawal,3233.29,"System science staff staff conference his."
685,1842,2023-09-29,18:38:07,Transfer,5070.61,"Shoulder consider director college nor arrive space color."
686,1354,2025-01-26,20:09:33,Withdrawal,6658.44,"Fact statement piece picture western."
687,1633,2023-11-21,08:54:20,Withdrawal,3284.50,"Off visit will part them worker audience."
688,2022,2021-02-11,20:47:30,Withdrawal,1007.76,"Country all everyone call long."
689,1044,2023-03-24,00:31:49,Withdrawal,4315.22,
690,215,2023-01-03,21:15:19,Withdrawal,5242.51,"Single indicate thank security exist increase election."
691,1700,2023-02-02,13:32:52,Transfer,8559.80,"Young benefit use begin right."
693,1046,2020-08-05,03:39:09,Withdrawal,1074.05,"Entire by car travel international them."
694,1052,2023-10-26,20:18:22,Withdrawal,2607.52,"The serious ago story short industry."
695,2412,2020-07-06,03:09:57,Transfer,4728.37,"Right project benefit marriage."
696,589,2024-09-19,03:51:31,Deposit,2023.89,"Activity special every week local dog which."
697,2189,2025-03-27,19:15:54,Withdrawal,179.72,"That certainly here out simple true."
698,1304,2024-03-30,16:49:48,Withdrawal,8673.96,"People three miss whether job."
699,1854,2020-12-26,05:16:26,Deposit,9583.73,"Research and he new serve offer."
700,187,2022-12-08,13:18:19,Transfer,2990.01,"Glass join many such collection book."
701,631,2024-03-18,15:00:36,Deposit,5131.82,"Western floor image low message like program involve."
702,711,2022-07-03,22:05:35,Deposit,7975.16,"Cell agree attack join must theory wait."
703,199,2024-05-24,09:37:42,Transfer,6118.52,"Despite program network red relate."
704,125,2022-03-27,16:01:23,Transfer,7770.82,"Thing direction successful field why drop himself."
705,284,2021-09-06,23:10:25,Deposit,2698.46,"Note property early section road tell."
706,2392,2022-07-01,00:57:41,Withdrawal,6383.32,"News well very matter here truth."
707,1949,2020-06-27,02:04:30,Transfer,4853.06,"Help agree as itself rather visit."
708,2359,2021-01-05,04:56:08,Withdrawal,1357.95,"Sea tax society before partner resource."
709,627,2025-05-05,01:37:19,Transfer,2694.57,"Issue cover into his both ground prove."
710,1595,2025-03-02,15:43:15,Transfer,2710.31,"Look guy arm dinner less sell dark."
711,1302,2021-02-04,11:25:51,Deposit,4645.75,"Assume coach produce still hit best."
712,1547,2024-12-05,13:24:33,Transfer,4926.51,"Candidate as sport civil."
713,59,2021-10-13,09:31:12,Transfer,3225.46,"Person so defense lawyer admit raise although dog."
715,1380,2023-08-02,12:09:52,Transfer,8285.59,"True poor against opportunity final case long why."
716,185,2023-05-01,09:24:25,Deposit,6582.03,"Season cover history once reason."
717,691,2022-02-07,14:29:45,Transfer,6173.74,"Various mention those."
718,182,2022-08-16,16:04:01,Deposit,9694.77,"Guess research career hear face tend."
719,2173,2022-08-20,18:08:27,Transfer,9749.82,"College game term author."
720,2133,2021-03-27,06:16:57,Withdrawal,6109.14,"Say challenge thing month issue board."
721,1920,2022-04-03,17:20:34,Deposit,8445.40,"Until degree girl between to."
722,932,2022-05-24,15:31:14,Deposit,5639.58,"Buy prevent each cause."
723,1884,2022-03-20,23:17:41,Withdrawal,2864.17,"Light read approach Congress week war."
724,1486,2023-08-11,16:58:49,Transfer,3659.34,"Compare under baby bring billion one war near."
725,1265,2020-11-15,19:10:21,Deposit,5139.72,"Once degree despite another present as might."
726,1095,2021-02-28,13:32:02,Transfer,5231.58,"No yeah institution up class teach state member."
727,16,2025-03-28,09:02:52,Transfer,5224.60,"Price professional media brother budget door."
728,2484,2023-03-01,03:03:24,Withdrawal,7869.21,"Instead worker easy wall measure night gun."
729,1624,2025-01-28,10:57:20,Transfer,5147.89,"Magazine week or matter leader news notice."
730,435,2021-12-23,09:11:29,Transfer,4208.64,"Industry event up prevent various."
731,901,2024-12-18,08:32:26,Deposit,9711.03,"Even event real water on rather."
732,1477,2024-06-21,18:54:55,Transfer,5490.88,"Officer space trade eight."
733,1147,2021-09-10,08:08:24,Deposit,4597.87,"Unit policy never need."
734,1199,2021-03-25,16:58:16,Transfer,2105.77,"Hit office simple spring station couple pull."
735,1817,2021-05-17,00:47:12,Deposit,7000.94,"Hot share heart quality result blood approach east."
736,745,2022-10-07,08:01:57,Transfer,2144.23,"Thought white food instead note."
737,355,2022-01-22,12:17:47,Withdrawal,931.80,"Trade couple end radio."
738,370,2020-12-14,12:16:25,Withdrawal,5413.41,"Author listen wonder third."
739,601,2023-09-03,11:01:06,Withdrawal,8235.05,"Weight fact process home."
740,2307,2024-11-16,23:33:08,Withdrawal,4149.05,"Various around really song Republican."
741,96,2024-06-18,11:43:24,Withdrawal,9279.23,"Low his benefit."
742,1885,2020-07-31,22:52:38,Transfer,1452.67,"Probably step fund stuff."
743,488,2024-01-06,22:08:47,Withdrawal,6250.49,"Tv minute take community thousand onto."
744,111,2023-07-17,21:52:13,Deposit,8840.20,"Public eye itself soon even method worker move."
745,2348,2023-10-26,07:14:01,Deposit,368.76,"Mouth many follow security."
746,1755,2024-03-18,01:27:32,Withdrawal,8240.98,"Weight it degree its recently activity already."
747,2221,2024-10-09,11:25:28,Transfer,6381.24,"Wall weight possible another interest whom record."
748,2262,2020-10-03,11:45:47,Withdrawal,8101.10,"Ever join wear Democrat father according religious."
749,2380,2024-05-05,08:45:05,Withdrawal,7035.64,"Full smile book window start deal."
750,1824,2022-12-08,18:03:06,Withdrawal,4969.03,"Word like care range."
751,2431,2022-12-01,17:33:02,Transfer,783.17,"Receive benefit woman green seat after."
752,2231,2021-09-11,20:02:28,Transfer,6246.91,"Step any forward minute."
753,1854,2023-03-07,05:13:27,Transfer,2109.21,"Debate college turn animal reflect so."
754,1445,2023-04-28,03:16:40,Transfer,657.37,"Method nature industry whom he face adult."
755,238,2021-03-16,06:03:00,Transfer,5814.50,"Information themselves common clearly dinner field bag."
756,2493,2024-10-16,22:56:48,Transfer,6275.60,"Executive just respond reveal."
757,2253,2021-05-18,11:49:50,Deposit,5060.22,"Start read call bag."
758,1816,2023-06-27,05:58:45,Withdrawal,2061.58,"Simple seek operation moment."
759,638,2025-01-14,16:53:09,Deposit,6855.63,"Level recognize establish somebody."
760,619,2022-09-12,10:37:10,Deposit,5940.84,"He safe mother realize more."
762,2469,2024-05-18,00:10:11,Deposit,6324.03,"Street without language large vote."
763,362,2024-05-01,08:06:47,Transfer,8786.15,"Buy read standard music kind."
764,634,2021-07-19,08:51:50,Transfer,6473.94,"Interest mention raise right former."
765,1586,2022-10-04,07:20:18,Transfer,7843.54,"Store keep operation option."
766,549,2024-04-21,23:06:31,Deposit,6492.07,"Even billion story."
767,1646,2023-04-27,12:52:20,Withdrawal,7155.53,"Tough base house crime during nor think."
768,2442,2020-09-26,08:39:09,Deposit,8732.03,"Camera media later serious wall."
769,2401,2024-09-20,13:57:42,Deposit,2202.27,"Successful executive attack."
770,2415,2020-06-28,15:21:58,Transfer,1448.35,"Officer opportunity mind free imagine above quickly image."
771,947,2024-01-05,08:16:12,Deposit,2756.26,"Reach occur state not cost type."
772,1789,2022-02-11,23:45:43,Transfer,3044.84,"Test region tonight."
773,190,2025-05-28,00:18:13,Deposit,7141.34,"Among sure main quite move out consumer administration."
774,2011,2025-05-12,17:37:52,Withdrawal,4607.81,"Water record minute they blue."
775,2125,2022-01-25,20:55:46,Transfer,8651.66,"Exactly medical course participant."
776,783,2021-09-25,20:24:26,Withdrawal,3549.59,"End house experience edge focus reality."
778,700,2023-01-21,23:13:58,Transfer,8988.99,"Letter mission minute produce may new."
779,1323,2020-07-22,19:12:26,Withdrawal,3409.23,"Official energy expert account camera yes."
780,1304,2021-09-23,00:30:04,Withdrawal,6764.43,"Something determine laugh window why."
782,2472,2024-05-20,03:29:14,Transfer,8772.97,"Parent movement term step site."
783,1122,2025-04-28,13:29:05,Transfer,8223.46,"Show first development reach from physical fire vote."
784,1275,2021-12-15,15:27:11,Withdrawal,9818.74,"Machine beat talk."
785,429,2025-04-23,09:04:07,Deposit,3120.52,"Plant answer his concern contain especially present."
786,1980,2022-06-04,11:28:08,Deposit,6517.49,"Door suddenly tax less."
787,625,2020-08-08,12:57:20,Deposit,9777.99,"Mr act reach everyone your occur."
788,202,2022-06-04,22:55:57,Deposit,4011.96,"Force always physical country sister term."
789,467,2020-07-09,23:13:37,Withdrawal,6281.57,"Card campaign this environment skill or detail."
790,2187,2023-09-21,17:46:12,Transfer,755.73,"Memory fish speak."
792,583,2023-09-17,16:31:35,Deposit,6391.71,"Hear board thousand meeting."
793,1094,2022-01-02,02:13:43,Withdrawal,4269.25,"Both provide than seat officer."
794,1688,2020-12-25,12:48:12,Withdrawal,5749.30,"Camera condition there."
795,950,2021-10-21,05:06:06,Withdrawal,7259.04,"Describe officer radio unit."
796,1222,2025-01-20,18:45:35,Deposit,673.27,"Thus executive cost do already case require."
797,552,2021-03-07,05:13:06,Transfer,3199.79,"Appear set outside suggest."
798,2043,2023-05-07,04:58:56,Transfer,6622.43,"White a particular maybe."
799,1455,2022-12-27,18:13:52,Transfer,9449.58,"Spend task product become."
800,657,2022-12-15,08:52:20,Transfer,9101.02,"Player subject Republican people fight."
801,1799,2021-07-01,10:47:51,Deposit,1053.56,"Life paper Mr beautiful image again blood."
802,2292,2021-05-01,23:27:15,Transfer,2091.69,"Everybody TV rule sport real yourself."
803,2314,2021-02-15,03:21:35,Deposit,3320.95,"Body under voice while purpose."
804,1247,2025-03-22,20:34:25,Transfer,1645.14,"Spring image professor herself."
805,929,2021-09-12,10:47:23,Deposit,3007.86,"Ahead agent natural place relationship couple short certain."
806,1528,2025-04-01,18:08:07,Deposit,5504.40,"Lay health point reflect anything your firm go."
807,1042,2024-05-29,18:13:14,Transfer,2481.91,"They international watch author."
808,1594,2021-09-02,17:12:57,Deposit,9467.87,"Financial even affect direction give office candidate something."
809,1229,2022-07-27,12:38:20,Withdrawal,7949.14,"Finally picture lawyer analysis."
810,1043,2022-02-21,06:30:02,Withdrawal,1775.09,"News term meeting who style still."
811,2345,2025-05-06,18:17:49,Withdrawal,5452.25,"Republican well carry reason."
813,2498,2024-11-18,10:43:24,Deposit,4252.70,"Floor art floor it present."
814,1380,2021-11-14,17:10:45,Deposit,9483.56,"Energy boy series imagine face stock security."
815,316,2025-01-30,20:50:11,Transfer,6647.40,"Near executive listen along professional its."
816,2261,2024-05-19,01:00:05,Deposit,6458.85,"Successful certainly buy hundred."
817,406,2024-10-28,20:06:20,Deposit,7879.48,"Statement development west grow court fear."
818,1121,2022-03-26,21:36:07,Transfer,4800.33,"Pm individual law member culture brother wonder computer."
819,240,2020-11-19,14:49:13,Transfer,5912.08,"Reach analysis guy else pass act."
820,834,2022-01-25,02:08:37,Transfer,4873.67,"Appear Mr group ground pattern."
821,106,2023-07-24,21:56:12,Transfer,9962.28,"Spring section recognize simply side wall economy then."
822,514,2023-01-07,10:05:15,Transfer,4056.63,"Rule some sense admit head floor establish."
823,989,2021-03-13,23:28:03,Deposit,7708.80,"Decision strong south threat now expect through."
824,621,2022-12-17,23:57:55,Withdrawal,9617.81,"Contain message cell player."
825,122,2023-04-23,07:54:57,Transfer,7262.83,"Three wrong fast just which too outside."
826,767,2023-12-13,03:38:01,Deposit,5582.72,"About everything teach statement game."
827,1545,2025-04-15,11:06:54,Withdrawal,4602.20,"Win mother purpose report attack."
828,1547,2024-02-26,08:13:21,Withdrawal,4144.49,"Need collection prove as young writer rest."
829,7,2025-04-03,04:14:49,Deposit,9973.85,"Girl clearly build travel."
830,986,2022-11-11,08:27:50,Withdrawal,1747.22,"Each black base without."
831,132,2023-08-29,07:37:03,Deposit,7936.40,"Hope through international development answer quite."
832,548,2022-02-07,09:37:26,Transfer,6992.49,"Ok their bad how far learn."
833,2411,2023-07-26,07:12:59,Transfer,405.78,"Responsibility note support enough hope road."
834,856,2024-03-24,20:35:19,Transfer,4382.80,"People without real crime quickly past."
835,905,2021-09-21,07:04:05,Withdrawal,4887.34,"Thank energy big hotel southern thought turn."
836,67,2023-07-22,23:30:45,Deposit,4748.79,"Seem top I add defense him."
837,296,2023-05-10,03:13:27,Withdrawal,1505.70,"Boy break argue now impact number."
838,1654,2022-05-18,20:00:01,Deposit,2750.73,"Exactly once image child."
840,257,2022-01-14,01:04:19,Withdrawal,3047.41,"Deal market show know piece attorney say."
841,1477,2022-05-12,13:59:45,Withdrawal,8818.00,"Increase wait break western we."
842,1544,2024-01-28,10:01:08,Deposit,1109.34,"Significant and Democrat second friend daughter."
843,2006,2025-02-12,04:31:28,Deposit,3802.30,"Into science production guy."
844,2395,2023-02-03,15:29:31,Withdrawal,7353.29,"Physical point physical hotel memory find feeling."
845,1372,2024-08-29,10:21:30,Withdrawal,5830.65,"Whole protect he."
846,749,2024-04-20,05:27:46,Withdrawal,6856.24,"Investment student data heart these."
847,1077,2021-11-23,14:08:07,Deposit,2993.32,"Mr issue condition material."
848,887,2021-08-31,23:25:57,Transfer,3240.53,"Difference hold way woman industry discuss parent."
849,1371,2023-09-03,22:32:44,Withdrawal,644.82,"Use tough marriage."
850,854,2024-09-01,07:27:06,Withdrawal,7797.08,"Until program including Republican."
851,1048,2023-12-19,14:25:01,Transfer,3999.31,"Least it good soon wrong."
852,2185,2024-06-14,01:14:48,Transfer,2294.65,
853,1921,2021-06-19,11:50:05,Deposit,9567.45,"Agreement choose house water process."
854,1480,2021-07-17,00:22:45,Withdrawal,3785.93,"Technology old effort until risk."
855,343,2021-12-10,00:27:43,Withdrawal,6869.51,"Organization beautiful involve Mrs training."
856,811,2024-01-21,03:55:36,Deposit,3582.41,"Son player ago other turn."
857,2410,2024-07-12,11:41:21,Withdrawal,5264.57,"White each mind set."
858,1298,2024-08-20,22:38:58,Deposit,644.64,"Place see go share wide."
859,34,2020-07-16,06:52:14,Withdrawal,149.50,"Station positive strong American sit."
860,999,2021-03-13,17:18:12,Withdrawal,4960.52,"Current quality arm notice ready film pay."
861,389,2023-07-23,23:10:50,Transfer,1951.25,"Beat amount create want story open themselves."
862,1532,2024-12-13,23:00:42,Transfer,525.47,"New pretty agreement else southern."
863,2196,2022-09-27,13:46:33,Withdrawal,9650.64,"Avoid image politics push cut about."
864,845,2022-03-03,11:13:45,Transfer,852.23,"Moment create very because speak."
865,266,2020-07-27,12:14:24,Withdrawal,2296.11,"Skill middle truth fire present thus yet."
866,1690,2025-06-01,20:10:23,Deposit,6316.76,"Growth remain education result apply feel operation."
868,1869,2025-04-16,11:31:45,Deposit,462.92,"Full example tell enjoy environmental."
869,2149,2025-01-24,08:55:21,Withdrawal,4238.21,"Age teacher join speech present which option over."
870,1861,2021-08-01,23:30:28,Deposit,4071.40,"Short record soldier knowledge."
871,10,2024-11-11,03:18:12,Deposit,8638.61,"Happy policy interesting its another."
872,811,2021-05-26,19:39:30,Deposit,9245.73,"True in store pay itself these wind."
873,1525,2022-07-09,03:11:12,Withdrawal,1800.27,"Yes nice goal nearly economic."
874,51,2025-04-26,06:27:34,Withdrawal,342.07,"Language rule plan art boy quality."
875,223,2022-07-10,13:15:46,Deposit,9589.79,"Build support child concern risk."
876,1374,2023-11-27,00:33:17,Transfer,6916.91,"Table energy create hard."
877,78,2024-04-05,02:00:53,Transfer,3271.14,"Admit world maintain pay."
878,689,2021-01-16,06:48:42,Withdrawal,7411.60,"Interesting here cost particularly short small professional."
879,629,2024-04-12,22:10:32,Deposit,4043.12,"Work have finally reach."
880,423,2022-06-11,13:31:10,Withdrawal,763.12,"Like police reduce."
881,2412,2024-07-09,08:16:15,Transfer,1425.26,"She pull history."
882,1646,2025-02-17,19:23:59,Withdrawal,8929.44,"Let enough popular follow speak shoulder."
883,2128,2022-10-27,14:33:17,Deposit,1295.96,"Turn image pull vote guy practice stuff."
884,1139,2022-03-21,11:53:48,Deposit,324.76,"Affect quickly ball seek pull such."
885,2405,2021-11-07,10:33:59,Deposit,1850.05,"Conference again three market."
886,1526,2024-02-04,14:30:37,Withdrawal,1406.98,"Kid your always beat organization."
887,190,2020-10-26,12:24:43,Deposit,1147.58,"Agreement right even campaign hundred medical."
888,2189,2023-05-19,15:31:45,Withdrawal,2098.67,"Second ever factor want form win between."
889,789,2021-02-10,22:02:51,Deposit,6421.01,"Moment next development civil spend theory."
890,2118,2022-07-22,16:39:41,Withdrawal,9554.02,"Many get later create sort race."
891,880,2022-09-16,21:43:15,Deposit,2440.14,"View will investment save most past."
892,1375,2020-12-03,11:16:02,Withdrawal,6795.96,"Decade address too whatever some fact it."
893,888,2022-09-29,13:18:32,Withdrawal,1864.85,"Professional admit million cold public air enter."
894,1221,2023-04-30,22:16:11,Transfer,4432.76,"Effect newspaper happen mention wear pick."
895,710,2021-12-03,19:15:54,Withdrawal,5840.66,"Ok do name."
896,792,2023-06-04,04:51:18,Withdrawal,1746.94,"Rather lay song possible enough."
897,2390,2024-10-21,03:35:56,Withdrawal,2482.70,"Discussion theory minute stop state travel agreement."
898,1940,2024-06-12,01:48:34,Transfer,9050.06,"Yourself director reflect operation that."
899,1134,2023-08-28,11:55:09,Transfer,5732.76,"Situation whatever technology region consider always."
900,1477,2024-11-02,01:06:06,Deposit,6222.09,"Woman seek friend say talk there once unit."
901,1460,2022-02-19,12:41:17,Withdrawal,8350.04,"Site method yard trip happen."
902,728,2023-12-15,04:30:12,Withdrawal,9818.55,"Kitchen trip bag your hold."
903,1362,2024-09-26,05:49:16,Transfer,8472.16,"Sit since where present sound."
904,1598,2025-03-04,14:08:31,Deposit,3703.62,"Picture sort financial girl capital commercial."
905,2093,2024-11-02,14:46:25,Deposit,6199.69,"Oil expert according large for."
906,1230,2021-12-06,20:51:42,Deposit,2673.34,"Of best Republican get threat home minute."
907,1514,2022-08-24,09:55:07,Deposit,2499.64,"Assume value suffer his run artist."
908,1520,2021-05-05,20:10:25,Deposit,2892.55,"Too put several who side response air."
909,1110,2023-11-15,18:18:02,Withdrawal,4348.68,"They in condition everybody design."
910,956,2020-09-24,18:45:22,Withdrawal,2091.70,"Traditional same point manage say front."
911,1671,2022-06-10,20:24:42,Deposit,7621.27,"Necessary industry least degree stuff agreement TV."
912,2362,2021-04-12,03:47:21,Transfer,8883.38,"Everyone no bank they."
913,632,2024-07-25,01:52:42,Withdrawal,2033.45,"What tax fear enter report nation girl."
914,1591,2023-12-16,03:07:26,Withdrawal,9238.55,"Real lose industry center stop."
915,423,2024-12-29,21:52:26,Withdrawal,4753.46,"Around century detail body health industry window culture."
916,1875,2024-10-17,00:11:21,Transfer,6981.44,"Knowledge year charge make whether."
917,805,2021-07-22,02:14:47,Transfer,6256.71,"Recognize sense type whether sea."
918,1328,2021-04-17,14:57:21,Withdrawal,2132.90,"Care of try pass seat wrong."
919,1683,2021-01-03,08:04:04,Transfer,3291.95,"Audience environmental trade kid letter budget."
920,1010,2022-03-08,16:23:41,Transfer,5781.73,"Past cup anyone some central save."
921,415,2024-05-30,00:18:42,Withdrawal,7309.98,"They born million off not next."
922,2317,2022-11-05,09:31:15,Withdrawal,5906.47,"Already candidate political start property."
923,2493,2022-05-16,18:36:34,Transfer,7875.40,"Today my note example policy hear figure."
924,394,2024-10-15,12:44:40,Withdrawal,8605.84,"Simple nature city ability particularly gun."
925,2049,2022-08-05,03:42:15,Deposit,1024.05,"Mean home life fund."
926,2111,2024-04-18,01:17:46,Transfer,1975.37,"Seek important night away wide."
927,120,2022-04-08,05:29:15,Deposit,240.98,"Stay public staff world you customer thought major."
928,1942,2022-01-22,00:13:27,Deposit,3801.60,"White probably style minute."
929,681,2023-01-02,13:50:59,Deposit,9430.42,"No which should certainly minute."
930,1736,2021-08-27,17:20:57,Withdrawal,9589.67,"Do particular board west behavior live property."
931,79,2024-02-06,17:37:08,Transfer,8963.41,"Represent still clear war bad."
932,1127,2021-11-20,05:20:48,Transfer,2087.98,"Challenge those language along offer heavy."
933,502,2022-11-22,14:41:24,Withdrawal,3988.34,"Charge yard pick size the good."
934,1220,2021-10-07,01:33:28,Withdrawal,3974.64,"Despite increase check participant choose."
935,1139,2020-10-13,15:45:57,Deposit,7489.17,"Type employee true thing upon inside."
936,674,2024-09-03,01:35:01,Withdrawal,8426.06,"Key answer another stay not."
937,1661,2023-08-25,17:35:42,Deposit,9172.44,"Low wife do medical more risk."
938,446,2023-05-17,08:46:19,Withdrawal,1395.56,"New reach learn wish little side successful."
939,2412,2025-03-11,09:35:26,Transfer,8993.79,"Pay read responsibility line star ball."
940,1620,2025-03-23,19:32:16,Transfer,2630.02,"Trouble measure because near small more."
941,328,2024-02-10,00:16:09,Transfer,1107.27,"Own letter environment me leg."
942,1570,2025-05-08,13:28:24,Transfer,2928.40,"Bad teach would there seven act any."
943,1680,2020-08-13,13:01:25,Withdrawal,9895.85,"Religious attorney number fact its foreign item."
944,2256,2023-05-06,03:40:37,Deposit,2192.32,"Although area top TV thousand value yes then."
945,455,2023-01-13,05:50:21,Deposit,1057.74,"Open approach so least fall."
946,696,2022-04-22,06:43:11,Withdrawal,7854.82,"Create world interest top book test every."
947,466,2020-06-29,02:39:59,Withdrawal,7762.95,"Hour adult have imagine."
948,2465,2021-10-17,07:59:35,Withdrawal,7316.50,"Idea onto thus hold."
949,334,2020-11-26,07:28:17,Deposit,2271.95,"Eye than edge meeting material."
950,1114,2022-05-30,19:36:27,Deposit,4767.62,"Relate may yourself yes."
951,1975,2021-05-23,20:21:01,Transfer,8003.08,"Adult build hospital minute form half attorney."
952,1121,2023-06-06,04:29:08,Transfer,7947.71,"Purpose economic training safe."
954,255,2024-12-31,20:45:37,Deposit,8651.10,"Degree build man culture candidate."
955,887,2024-11-14,22:24:42,Deposit,748.40,"Peace region successful floor begin."
956,2230,2022-03-11,14:52:25,Deposit,1046.26,"Anyone two experience example something friend father."
957,1159,2023-03-17,03:29:03,Transfer,6547.98,"Consumer woman TV inside street."
958,341,2020-10-21,14:52:58,Deposit,485.13,"Alone sure right federal pass bring purpose."
959,662,2020-07-26,11:59:17,Deposit,1513.72,"Ten line necessary method inside seem science."
960,1709,2023-09-18,06:37:08,Withdrawal,9259.04,"Every simply finish."
961,2230,2023-01-16,09:34:46,Deposit,7482.42,"Parent cause technology discover Democrat debate total."
962,2467,2025-05-09,02:28:51,Deposit,2472.01,"Late eight ever we rich."
963,822,2021-06-26,23:19:29,Withdrawal,5024.42,"Help option very face."
964,1349,2022-07-09,03:58:01,Withdrawal,5539.64,"Class themselves art benefit century generation southern health."
965,246,2023-02-11,19:29:50,Deposit,3199.32,"Care machine admit."
966,252,2025-05-11,11:07:38,Transfer,4785.77,"Medical six participant against itself."
967,394,2022-09-02,00:33:12,Withdrawal,8374.96,"Day technology especially offer."
968,409,2024-09-16,14:07:06,Deposit,9208.60,"Investment development make part."
969,328,2022-09-11,17:44:18,Withdrawal,7874.17,"According result number outside."
970,354,2022-07-14,20:03:22,Withdrawal,1168.90,"Traditional family feel machine expect agent also."
971,401,2023-04-02,10:56:23,Transfer,6821.63,"Four event actually seven."
972,67,2022-07-10,14:01:12,Deposit,3041.52,"Plant you leave action history adult."
973,18,2023-07-16,01:07:07,Deposit,9706.79,"Write out magazine bit."
974,362,2023-07-20,09:24:29,Withdrawal,929.24,"Chance though leave yet energy newspaper."
975,2186,2025-03-15,18:13:51,Withdrawal,8512.33,"List kid prevent avoid quite."
976,560,2021-06-17,23:13:43,Withdrawal,9339.53,"Follow would ask federal seat."
977,2489,2024-12-15,05:51:44,Deposit,9697.83,"Movement history smile left ability or edge."
978,2090,2021-05-09,17:37:59,Withdrawal,4913.69,"Indeed size show reach report unit room."
979,1756,2024-08-15,18:52:30,Deposit,6055.91,"Purpose my least cost similar cover rather game."
980,327,2023-05-31,12:28:03,Deposit,9180.53,"Imagine practice here teacher edge sea cultural."
981,456,2020-07-07,00:07:37,Transfer,9858.88,"Daughter claim against factor concern information into commercial."
982,2366,2024-09-21,02:48:36,Withdrawal,1701.50,"Sister or figure bank team consider."
983,488,2024-09-27,17:33:45,Withdrawal,2846.75,"Others cut seem reach."
984,973,2021-12-17,12:01:31,Deposit,9201.61,"Serious the say street she."
985,211,2020-12-03,08:19:28,Withdrawal,5972.15,"Get pick claim sea."
986,760,2023-02-21,14:03:53,Withdrawal,673.63,"Be situation leg ok population continue life."
987,1411,2022-02-19,01:30:29,Withdrawal,1680.53,"Without most camera admit real."
988,2036,2021-09-21,14:05:19,Transfer,3125.76,"International American play much."
989,570,2021-05-15,14:33:45,Transfer,3639.21,"True lose modern voice usually."
990,267,2020-12-24,10:08:04,Transfer,4670.78,"Center beautiful enough current simple radio sport go."
991,1131,2021-07-18,15:53:28,Transfer,5261.86,"Back kitchen police forward."
992,1745,2020-11-10,06:31:36,Withdrawal,6049.05,"Region alone truth bag part rich."
993,2449,2021-06-14,09:15:01,Deposit,9811.80,"Agreement sound physical bar really student system."
994,435,2023-03-17,21:03:25,Transfer,9904.18,"Blue step rise gas stuff."
995,1396,2021-06-04,22:07:24,Withdrawal,4519.66,"Lay share former write consider level among."
996,1647,2025-04-10,15:28:18,Deposit,3662.55,"Machine newspaper keep operation expect west manage throw."
997,1214,2021-05-16,23:34:26,Deposit,8518.86,"All have field eight."
998,354,2025-01-13,12:05:20,Withdrawal,1569.06,"Skin fish important among."
999,1482,2023-06-07,01:24:44,Withdrawal,3675.91,"Soldier fast reveal fund other."
1000,33,2021-10-24,12:32:19,Withdrawal,235.33,"Then whether seat feeling test pass."
1001,1205,2020-12-07,18:59:39,Transfer,9210.60,"Share radio walk produce."
1002,912,2023-01-29,19:36:08,Deposit,9868.42,"Add similar sport sure throw nearly."
1003,1725,2023-06-28,19:10:18,Deposit,2614.16,"Course position us establish along piece."
1004,2097,2023-08-07,21:12:51,Withdrawal,7782.51,"Media authority nation go little likely."
1005,22,2020-08-28,14:36:41,Deposit,9684.46,"Guess international to travel worry left around."
1006,1687,2023-10-11,08:27:11,Withdrawal,5419.54,"Expect sing almost."
1007,1114,2020-08-21,18:15:05,Deposit,4863.76,"Tv safe doctor hospital century."
1008,32,2024-09-19,22:30:09,Withdrawal,4082.36,"Performance when movie act level television."
1009,456,2025-03-26,16:19:28,Deposit,3518.23,"Try investment a start."
1010,661,2023-02-28,18:44:26,Deposit,2301.39,"Research force article keep who."
1011,742,2021-04-21,12:34:03,Deposit,5565.10,"Unit down opportunity exactly seat."
1012,2196,2021-11-21,05:23:43,Withdrawal,4715.71,"Company sign others gas one recent."
1013,2155,2021-05-17,22:21:10,Deposit,3585.58,"Move type country trial them."
1014,2440,2023-01-18,12:46:16,Withdrawal,329.18,"Trouble top off such pay left."
1016,2480,2020-08-28,15:07:10,Deposit,2289.45,"Day bring state would."
1017,417,2024-08-25,06:33:25,Transfer,1163.46,"Attack want likely paper leave remain."
1018,122,2025-05-21,10:53:21,Withdrawal,1950.46,"Take around arm single weight cell floor."
1019,1815,2023-01-01,00:48:20,Deposit,1655.67,"Paper accept increase."
1020,2426,2022-01-18,03:07:06,Deposit,9236.12,
1021,1789,2023-04-11,00:23:09,Withdrawal,1185.43,"Young evening relate project about this tend indicate."
1022,1473,2025-04-13,19:41:42,Withdrawal,5569.68,"Sport scientist safe technology."
1023,1903,2024-11-21,10:28:26,Transfer,2410.24,"Lawyer least next agent probably enjoy boy agree."
1024,2214,2022-09-28,23:24:48,Deposit,8516.36,"Whose since bit language carry war."
1025,1230,2025-04-23,22:54:35,Deposit,6224.38,"Seven allow suffer forget difference subject."
1026,1350,2020-12-08,13:20:23,Deposit,3019.81,"Civil buy suddenly work executive affect month scientist."
1027,518,2023-02-28,09:53:09,Transfer,7611.90,"Daughter eat last trip."
1028,1076,2022-12-16,09:18:08,Withdrawal,4700.61,"Stuff build general her appear."
